source_file,p_value,p_corrected,m
main_hypo_p_value.csv,0.150931631431133,0.301863262862266,2
main_hypo_p_value.csv,0.0525153416456676,0.1050306832913352,2
