test,p_value,test_statistic,shapiro_stat_group1,shapiro_p_group1,shapiro_stat_group2,shapiro_p_group2
Mann-Whitney U,0.06401868824975707,197.0,0.9301622196468341,0.2452376133301779,0.8309083200387186,0.004296098316687222
