source_file,p_value,p_corrected,m
grp1/global,0.0597328978159432,0.1791986934478296,3
grp1/grp2,0.5168653215825211,1.0,3
grp2/global,0.0157414657506571,0.04722439725197129,3
