source_file,p_value,p_corrected,m
grp1/global,0.0732036362436237,0.21961090873087108,3
grp1/grp2,0.640625,1.0,3
grp2/global,0.7421875,1.0,3
