test,p_value,test_statistic,shapiro_stat_group1,shapiro_p_group1,shapiro_stat_group2,shapiro_p_group2
Mann-Whitney U,0.2156378372408374,46.5,0.8529159378336844,0.011884332859308159,0.9055967101475783,0.3240952872339878
