test,p_value,test_statistic,shapiro_stat_group1,shapiro_p_group1,shapiro_stat_group2,shapiro_p_group2
ANOVA,0.0879406075917393,3.2185693601184973,0.9567062313629251,0.539503818596299,0.9866870018615098,0.9399448408118191
