test,p_value,test_statistic,shapiro_stat_group1,shapiro_p_group1,shapiro_stat_group2,shapiro_p_group2
ANOVA,0.027094055740276398,5.365875937872079,0.9693945582753836,0.8287079630510037,0.9521983512756007,0.46053815399483533
