test,p_value,test_statistic,shapiro_stat_group1,shapiro_p_group1,shapiro_stat_group2,shapiro_p_group2
ANOVA,0.2166322200602322,1.5886542678367839,0.9224352469148017,0.1845973214391668,0.9340592388744724,0.228744580834554
